{
  "guess_prior": {
    "mean": 0.2941525272490227,
    "std": 0.11831070571559521
  },
  "learning_rate_lognorm": {
    "mu": -2.397064924137539,
    "sigma": 1.4132997530297036
  },
  "response_time_lognorm": {
    "mu": 10.096697543564268,
    "sigma": 1.1398310545693642
  },
  "slip_prior": {
    "mean": 0.15009243250388124,
    "std": 0.0965032543854335
  },
  "theta_mean": 6.362594454981869e-18,
  "theta_percentiles": {
    "5": -1.8137846478810933,
    "10": -1.2571964881129634,
    "25": -0.6210518698414841,
    "50": -0.0624601094455306,
    "75": 0.5486585283230451,
    "90": 1.4088902694132353,
    "95": 2.3038498681112625
  },
  "theta_std": 1.2030687447033208
}
