{
  "guess_prior": {
    "mean": 0.2941525272490227,
    "std": 0.11831070571559521
  },
  "learning_rate_lognorm": {
    "mu": -2.397064924137539,
    "sigma": 1.4132997530297036
  },
  "response_time_lognorm": {
    "mu": 10.096697543564268,
    "sigma": 1.1398310545693642
  },
  "slip_prior": {
    "mean": 0.15009243250388124,
    "std": 0.0965032543854335
  },
  "theta_mean": 1.2725188909963738e-17,
  "theta_percentiles": {
    "5": -1.8197944800045829,
    "10": -1.2540148799606168,
    "25": -0.6256948899516511,
    "50": -0.07386742993540465,
    "75": 0.5346638400829977,
    "90": 1.4664359113784489,
    "95": 2.432437516871088
  },
  "theta_std": 1.2321304149938832
}
