{
  "seed": 42,
  "n_truth_students": 400,
  "n_items": 48,
  "n_skills": 4,
  "n_sim_students": 200,
  "fit_2pl_converged": true,
  "recovery_2pl": {
    "n_items": 48,
    "a_pearson": 0.860695330713993,
    "a_mae": 0.21767908403633995,
    "b_pearson": 0.9838884957916808,
    "b_mae": 0.15760857522688018
  },
  "recovery_theta": {
    "n_users": 400,
    "theta_pearson": 0.9456793379851862,
    "theta_mae": 0.27232485911022375
  },
  "recovery_bkt": {
    "n_skills": 4,
    "p_init_mae": 0.19291637054823177,
    "p_init_pearson": -0.7136359377775264,
    "p_transit_mae": 0.18216106646710417,
    "p_transit_pearson": 0.6481829487444296,
    "p_slip_mae": 0.1960973000780311,
    "p_slip_pearson": -0.4808888679121991,
    "p_guess_mae": 0.10423879981131562,
    "p_guess_pearson": -0.3453189666948995
  },
  "truth_correct_rate_summary": {
    "n": 400,
    "mean": 0.4614583333333333,
    "median": 0.4583333333333333,
    "p10": 0.20833333333333334,
    "p90": 0.75
  },
  "sim_correct_rate_summary": {
    "n": 200,
    "mean": 0.549609375,
    "median": 0.5625,
    "p10": 0.390625,
    "p90": 0.71875
  },
  "correct_rate_ks": {
    "ks_statistic": 0.3,
    "ks_pvalue": 5.0141468449795066e-11,
    "sim_mean": 0.549609375,
    "ref_mean": 0.4614583333333333
  },
  "response_time_fit": {
    "n": 12877,
    "mu": 8.988183480824377,
    "sigma": 0.2980521407368751
  },
  "learning_curve": {
    "n": 12877,
    "slope": 1.0056796924423169e-05,
    "intercept": 0.5317886613899322
  }
}